Country,Area_km2,Population,Birth rate(births/1000 population),Death rate(deaths/1000 population),Electricity – consumption(kWh) per capita,Electricity – production(kWh) per capita,GDPpercapita,GDP - real growth rate(%),Industrial production growth rate(%),Infant mortality rate(deaths/1000 live births),Inflation rate (consumer prices)(%),Internet users in the per 1000 people,Investment (gross fixed)(% of GDP),Life expectancy at birth(years),MilitPercentGDP,Oil – consumption(bbl/day) per 1000 persons,Public debt(% of GDP),Telephones - main lines in use per capita,Telephones - mobile cellular per capita,Total fertility rate(children born/woman),Unemploy rate(%)
Afghanistan,647500,29928987,47.02,20.75,21.7915828557779,18.0427088962283,800,7.5,,163.07,10.3,0.033412423881904,,42.9,2.6,0.116943483586665,,0.001105951230491,0.000501186358229,6.75,
Akrotiri,123,,,,,,,,,,,,,,,,,,,,
Albania,28748,3563112,15.08,5.12,1897.21793757816,1594.11211323136,4900,5.6,3.1,21.52,3.2,8.41960623185575,18.4,77.24,1.49,2.10490155796394,,0.071566652970774,0.308718895168044,2.04,14.8
Algeria,2381740,32531853,17.13,4.6,725.750236237696,791.839308999706,6600,6.1,6,31,3.1,15.3695518051185,26.2,73,3.2,6.42447265453954,37.4,0.067613732301077,0.044489012046132,1.92,25.4
American Samoa,199,57881,23.13,3.33,2088.76833503222,2245.98745702389,8000,,,9.27,,,,75.84,,65.6519410514677,,0.259152398887372,0.041067016810352,3.25,6
Andorra,468,70549,9,6.07,,,26800,2,,4.05,4.3,347.276361110717,,83.51,,,,0.496109087301025,0.333101815759259,1.29,0
Angola,1246700,11190786,44.64,25.9,141.81309516597,152.53620255092,2100,11.7,1,191.19,43.8,3.66372835652473,34.5,36.61,10.6,2.77013607444553,,0.008605293676423,0.01161669966703,6.27,
Anguilla,102,13254,14.26,5.43,3214.12403802626,,7500,2.8,3.1,21.03,2.3,226.346763241286,,77.11,,,,0.467783310698657,0.135808057944771,1.73,8
Antarctica,14000000,,,,,,,,,,,,,,,,,,,,
Antigua and Barbuda,443,68722,17.26,5.44,1498.79223538314,1612.29300660633,11000,3,6,19.46,0.4,145.513809260499,,71.9,,52.3849713337796,,0.552952475189896,0.555862751375106,2.26,11
Argentina,2766890,39537943,16.9,7.56,2065.10490442055,2058.52894269183,12400,8.3,12,15.18,6.1,103.697858029691,18.3,75.91,1.3,12.2919900005926,118,0.202575030269025,0.164399043217802,2.19,14.8
Armenia,29800,2982904,11.76,8.16,1943.40816868394,2176.40259290946,4600,9,15,23.28,3.5,50.2865663796086,19.8,71.55,6.5,1.91088952242513,,0.188608148301119,0.038351887958848,1.32,30
Aruba,193,71566,11.26,6.57,10496.6045328787,11286.0855713607,28000,-1.5,,5.89,3.2,335.354777408266,,79.14,,90.8252522147389,,0.518402593410279,0.740575133443255,1.79,0.6
Ashmore and Cartier Islands,5,,,,,,,,,,,,,,,,,,,,
Australia,7686850,20090437,12.26,7.44,9755.88534983087,10452.7343033902,30700,3.5,1.9,4.69,2.3,471.468092008153,25.3,80.39,2.7,39.6457279650015,17.4,0.538315816624596,0.714120852622569,1.76,5.1
Austria,83870,8184691,8.81,9.7,6730.85886809899,7146.26856407896,31300,1.9,3.3,4.66,1.8,455.728872354497,22.6,78.92,0.9,32.059854183866,64.2,0.474177950028902,0.866801202391147,1.36,4.4
Azerbaijan,86600,7911974,20.4,9.86,2195.4066077568,2218.15693529832,3800,9.8,4,81.74,4.6,37.9172125692021,65.1,63.35,2.6,17.694699198961,18.9,0.11675973657143,0.109959916450686,2.44,1.2
Bahamas The,13940,301790,17.87,8.97,5288.44560787302,5686.07309718679,17700,3,,25.21,1.2,278.339242519633,,65.54,,76.2119354518042,,0.436396169521853,0.403591901653468,2.2,10.2
Bahrain,665,688345,18.1,4.08,9267.15527823984,9965.93278080033,19200,5.6,2,17.27,2.1,284.30510863012,12.8,74.23,6.3,58.1103952233255,63.8,0.269922785812347,0.643717903086388,2.63,15
Baker Island,1,,,,,,,,,,,,,,,,,,,,
Bangladesh,144000,144319628,30.01,8.4,106.014685680869,113.983109767994,2000,4.9,6.5,62.6,6,1.68376265493146,23.5,62.08,1.8,0.491963574074623,43,0.005127507673454,0.009458172938195,3.13,40
Barbados,431,279254,12.83,9.17,2664.24115679632,2864.7754374154,16400,2.3,-3.2,12.5,-0.5,358.096929676925,,71.41,,39.0325653347848,,0.479849885767079,0.501335701547695,1.65,10.7
Bassas da India,0,,,,,,,,,,,,,,,,,,,,
Belarus,207600,10300483,10.83,14.15,3329.94093577942,2912.48478348054,6800,6.4,4,13.37,17.4,135.129585670886,21.8,68.72,1.4,27.6686054430651,,0.298170483850126,0.108538599597708,1.39,2
Belgium,30528,10364388,10.48,10.22,7604.88704205207,7388.76236590139,30600,2.6,3.5,4.68,1.9,328.046383442997,19.1,78.62,1.3,57.417765525567,96.2,0.494037853465154,0.784947456617796,1.64,12
Belize,22966,279457,29.34,6.04,389.326443782049,418.669061787681,6500,3.5,4.6,25.69,2.9,107.351041484021,33.6,67.49,2,17.8918402473368,,0.119159656047263,0.216133430187829,3.68,12.9
Benin,112620,7460025,41.99,13.76,75.7638211668191,38.2304348846016,1200,5,8.3,85,2.8,9.38334657055439,19.3,50.51,2.4,1.54154979373394,,0.008914179242027,0.031662092285214,5.86,
Bermuda,53,65365,11.6,7.63,9148.62694102348,9837.06876768913,36000,2,,8.53,3.3,527.805400443663,,77.79,0.11,61.1948290369464,,0.856727606517249,0.579407940029068,1.89,5
Bhutan,47000,2232291,34.03,12.94,140.169897204262,896.388508487469,1400,5.3,9.3,100.44,3,6.7195540366377,,54.39,1.8,0.456929674491363,,0.011288850781551,0.009855345920402,4.81,
Bolivia,1098580,8857870,23.76,7.64,434.415948755175,466.47783270696,2600,3.7,5.7,53.11,4.9,30.4813685457113,10.4,65.5,1.6,5.53180392125872,,0.067747663941783,0.158220881543757,2.94,9.2
Bosnia and Herzegovina,51129,4025476,12.49,8.44,2066.3394838275,2494.11498168167,6500,5,5.5,21.05,1.1,24.8417826860724,,72.85,4.5,4.96835653721448,,0.233015921595359,0.26083871820376,1.71,44
Botswana,600370,1640115,23.33,29.36,1152.35821878344,567.033409242645,9200,3.5,4.4,54.58,7,36.5828005962996,25.5,33.87,3.9,9.75541349234657,8.6,0.086823180081885,0.265225304323172,2.85,23.8
Bouvet Island,59,,,,,,,,,,,,,,,,,,,,
Brazil,8511965,186112794,16.83,6.15,1891.32618147681,1821.47606682,8100,5.1,6,29.61,7.6,76.8351261224954,19.8,71.69,1.8,11.8154155484872,52,0.208529457679304,0.249167717078064,1.93,11.5
British Indian Ocean Territory,60,,,,,,,,,,,,,,,,,,,,
British Virgin Islands,153,22643,14.96,4.42,1490.08523605529,1602.26118447202,38500,1,,18.05,2.5,176.655036876739,,76.27,,18.5487788720576,,0.516715982864461,0.353310073753478,1.72,3
Brunei,5770,372361,19.01,3.42,6139.20362229127,6601.12095520208,23600,3.2,5,12.61,0.3,93.9948061155706,,74.8,5.1,34.912356557212,,0.241700930011467,0.367922526795234,2.3,3.2
Bulgaria,110910,7450349,9.66,14.26,4390.39835583541,5780.93724200034,8200,5.3,5.2,20.55,6.1,84.5597971316512,18.6,72.03,2.6,12.6168586196432,41.9,0.384975254179368,0.3486413857928,1.38,12.7
Burkina Faso,274200,13925313,44.17,18.86,24.1071780576853,25.9240133417468,1200,4.8,14,97.57,2.4,3.44696022272533,29.1,43.92,1.3,0.574493370454222,,0.004696483303463,0.016301249386639,6.23,
Burma,678500,42909464,18.11,12.15,81.1942092774685,118.10914254254,1700,-1.3,,67.24,17.2,0.652536699130057,10.2,56.22,2.1,1.42043256471346,,0.008326834378542,0.001549774660434,2.01,5.2
Burundi,27830,6370609,39.66,17.43,21.6305850822111,20.7201540700426,600,3,18,69.29,8.5,2.19759209833785,10.7,43.5,6,0.431669876459221,,0.003751603653591,0.010046135306687,5.81,
Cambodia,181040,13607069,27.08,8.97,7.3932159820752,8.96592793054845,2000,5.4,22,71.48,3.1,2.20473637636437,20.9,58.87,3,0.52913673032745,,0.00260158892411,0.027926660767282,3.44,2.5
Cameroon,475440,16380005,34.67,15.4,202.747190858611,218.00970146224,1900,4.9,4.2,68.26,1,3.66300254487102,16.1,47.84,1.6,1.34310093311937,69.1,0.00677044970377,0.065750895680435,4.47,30
Canada,9984670,32805041,10.84,7.73,14845.279419099,16735.2328564381,31500,2.4,2,4.75,1.9,491.083062508594,19.4,80.1,1.1,67.0628639055808,,0.608165677951751,0.403041715448549,1.61,7
Cape Verde,4033,418224,25.33,6.62,95.7859902827193,103.007001032939,1400,5,,47.77,1.5,48.7776885114197,19.2,70.45,1.5,4.78212632464899,,0.171439228738666,0.127443666551896,3.48,21
Cayman Islands,262,44270,12.92,4.81,8631.12717415857,9279.42173029139,32300,1.7,,8.19,2.8,223.831036819517,,79.95,,54.2127851818387,,0.858369098712446,0.384007228371358,1.9,4.1
Central African Republic,622984,3799897,35.17,20.27,25.942808449808,27.8954929567828,1100,0.5,3,91,3.6,1.31582513947089,,41.01,1,0.631596066946025,,0.002368485251048,0.003421145362624,4.5,8
Chad,1284000,9826419,45.98,16.41,9.0979226511713,9.78281101182435,1600,38,5,93.82,8,1.5264970891227,24.7,47.94,2.1,0.15264970891227,,0.001200844376777,0.006614820719532,6.32,
Chile,756950,15980912,15.44,5.76,2615.62043517917,3041.12806578248,10700,5.8,7.8,8.8,2.4,223.704379324534,23.9,76.58,3.8,15.0179163742345,12.8,0.216946316956129,0.403337431555846,2.02,8.5
China,9596960,1306313812,13.14,6.94,1247.78593399731,1462.12953002138,5600,9.1,17.1,24.18,4.1,71.9582072366544,46,72.27,4.3,3.79388164962616,31.4,0.201329877694044,0.205922954751702,1.72,9.8
Christmas Island,135,361,,,,,,,,,,,,,,,,,,,
Clipperton Island,6,,,,,,,,,,,,,,,,,,,,
Cocos (Keeling) Islands,14,628,,,,,,,,,,,,,,,,0.457006369426752,,,60
Colombia,1138910,42954279,20.82,5.59,957.76255492497,1044.59907242303,6600,3.6,4,20.97,5.9,63.6071670531357,15.8,71.72,3.4,5.86670305885009,51.8,0.204126345596442,0.144018247867692,2.56,13.6
Comoros,2170,671247,37.52,8.4,33.0280805724271,35.5159874085098,700,2,-2,74.93,3.5,7.44882286252304,,61.96,3,1.04283520075323,,0.019664892357061,0.002979529145009,5.09,20
Congo Democratic Republic of the,2345410,60085804,44.38,14.43,69.367466564981,101.288484048578,700,7.5,,92.87,14,0.832143312919637,,49.35,1.5,0.233000127617498,,0.000166428662584,0.016642866258393,6.54,
Congo Republic of the,342000,3039126,27.88,14.82,188.738472837257,114.506604859423,800,3.7,0,92.41,1.8,4.93562951980273,25.8,48.97,2.8,1.64520983993424,,0.002303293775908,0.10858384943566,3.54,
Cook Islands,240,21388,,,1174.02281653264,1262.39012530391,5000,7.1,1,,3.2,168.318683373855,,,,21.0398354217318,,0.289882176921638,0.070132784739106,,13
Costa Rica,51100,4016173,18.6,4.33,1427.47834816877,1646.84140847518,9600,3.9,3.1,9.95,11.5,199.194606407642,19.2,76.84,0.4,9.21275054635346,58,0.281860368066814,0.13148014291217,2.28,6.6
'Cote d''Ivoire',322460,17298040,35.51,14.94,172.042612920308,275.117874626258,1500,-1,15,90.83,1.4,5.20290160041253,11.3,48.62,1.2,1.84992056903557,74.8,0.018961685832615,0.071453181978999,4.58,13
Croatia,56542,4495904,9.57,11.38,3380.85510722649,2782.53272311864,11200,3.7,2.7,6.84,2.5,225.538623600504,28.6,74.45,2.39,19.7957963515235,41.7,0.405925037545286,0.567850203207186,1.39,13.8
Cuba,110860,11346670,12.03,7.19,1180.96322533395,1269.9761251539,3000,3,1.4,6.33,3.1,10.5757900776175,11.2,77.23,1.8,14.3654481887638,,0.050622781838196,0.001577555353245,1.66,2.5
Cyprus,9250,780133,12.57,7.64,771.663293310243,5127.33085255976,7135,2.6,-0.3,7.18,2.4,269.184869759387,17.9,77.65,3.8,62.809802943857,74.9,0.110529871188631,0.18353024420195,1.83,3.2
Czech Republic,78866,10241138,9.07,10.54,5402.71989304314,7006.05733464387,16800,3.7,4.7,3.93,3.2,263.642575659072,29,76.02,2.02,17.1562964975181,33.5,0.354062214570295,0.948009879370828,1.2,10.6
Denmark,43094,5432335,11.36,10.43,5822.54224012326,6696.93603211142,32200,2.1,1.7,4.56,1.4,507.332482256709,19.8,77.62,1.5,40.1300729796671,42.5,0.664557690201359,0.880891918484409,1.74,6.2
Dhekelia,131,,,,,,,,,,,,,,,,,,,,
Djibouti,23000,476703,39.98,19.39,351.162044291729,377.593596012612,1300,3.5,3,104.13,2,13.6353243004554,,43.1,4.4,23.7044868607917,,0.019928550900666,0.048248070601612,5.4,50
Dominica,754,69029,15.73,6.81,921.641628880615,991.032754349621,5500,-1,-10,14.15,1,181.083312810558,,74.65,,8.69199901490678,,0.343333961088818,0.13617465123354,1.96,23
Dominican Republic,48730,8950034,23.28,7.35,995.750407205157,1070.72218943526,6300,1.7,2,32.38,55,55.865709560433,18.9,67.26,1.1,14.4133530665917,61.1,0.100759393763197,0.236915301103884,2.86,17
East Timor,15007,1040880,27.19,6.3,,,400,1,8.5,47.41,4,,,65.9,,,,,,3.61,50
Ecuador,283560,13363593,22.67,4.24,5655.66461055795,6081.44830510777,3700,5.8,10,23.66,2,42.6307505773335,20.6,76.21,2.2,9.6530925477901,49.2,0.11591194074827,0.179173370514951,2.72,11.1
Egypt,1001450,77505756,23.32,5.26,975.153380866319,1048.56728318346,4200,4.5,2.5,32.59,9.5,34.8361223648989,15.8,71,3.4,7.251074358916,102.7,0.112710338571499,0.074800896077964,2.88,10.9
El Salvador,21040,6704932,27.04,5.85,663.690548986925,620.140517457895,4900,1.8,0.7,25.1,5.4,82.0291689759121,16.6,71.22,1.1,5.81661380011013,41.7,0.112245731947766,0.171485706342734,3.16,6.3
Equatorial Guinea,28051,535881,36.18,12,46.3162530487179,49.8058337578679,2700,20,30,85.13,8.5,3.35895469329945,50.8,55.56,2.5,3.73217188144383,,0.01791442503093,0.07744256653996,4.62,30
Eritrea,121320,4561599,38.62,13.53,50.289383174628,54.0599908058556,900,2.5,,74.87,10,2.0826030521315,26.3,52.16,13.4,1.31532824345147,,0.008352334345917,,5.61,
Estonia,45226,1332893,9.91,13.21,4770.07531737356,6227.80673317363,14300,6,5,7.87,3,333.110009580664,28.2,71.77,2,18.0059464638197,5.4,0.356367690429764,0.660968284776047,1.39,9.6
Ethiopia,1127127,73053286,38.61,15.06,27.3498990859905,29.4168834513481,800,11.6,6.7,95.32,2.4,1.02664786358823,17.8,48.83,4.6,0.314838678167057,,0.005954557608812,0.001338748814119,5.33,
Europa Island,28,,,,,,,,,,,,,,,,,,,,
#European Union,3976372,457030418,10.1,10.1,5820.18153548808,6323.43031487239,26900,2.4,2.4,5.2,2.1,450.806027094678,19.5,78.2,,31.8140750097732,,0.522422912341034,0.688454613977138,1.48,9.5
Falkland Islands (Islas Malvinas),12173,2967,,,5972.36265588136,6423.99730367375,25000,,,,3.6,,,,,67.4081563869228,,0.808897876643074,,,
Faroe Islands,1399,46962,13.97,8.69,4356.71393892935,4684.63864401005,22000,10,8,6.24,5.1,532.345300455688,,79.21,,95.8221540820238,,0.489757676419233,0.653720028959584,2.2,1
Fiji,18270,893354,22.73,5.65,780.765519603651,839.532816778119,5900,3.6,,12.62,1.6,61.5657398970621,,69.53,2.2,6.38044940751371,,0.114176463081824,0.12301954208522,2.75,7.6
Finland,338145,5223442,10.5,9.79,15043.7202136063,13705.5221442107,29000,3,2,3.57,0.7,507.328309570586,18.3,78.35,2,40.4713979785743,46.8,0.487800955768246,0.899789832068586,1.73,8.9
France,547030,60656178,12.15,9.08,6841.84222751391,8721.28804422857,28700,2.1,1.7,4.26,2.3,361.051433210975,19.2,79.6,2.6,33.4013791637185,67.7,0.558976861351205,0.687202876514903,1.85,10.1
French Guiana,91000,195506,20.7,4.85,2188.67963131566,2353.38045891175,8300,,,12.07,1.5,16.3677841089276,,77.09,,33.2470614712592,,0.260861559236034,0.706883676204311,3.01,22
French Polynesia,4167,270485,16.93,4.63,1306.5419524188,1404.88381980517,17500,,,8.44,1.5,129.397193929423,,75.9,,17.5610477475646,,0.194095790894135,0.332735641532802,2.04,11.8
French Southern and Antarctic Lands,7829,,,,,,,,,,,,,,,,,,,,
Gabon,267667,1389201,36.24,11.72,777.425296987261,835.732194261306,5900,1.9,1.6,53.64,1.5,25.1943383282909,21.8,55.75,2,9.35789709336518,29.3,0.027641788337325,0.21595147138535,4.77,21
Gambia The,11300,1593256,39.86,11.81,52.7159477196383,56.6826674432734,1800,6,,72.02,7,15.6911381472908,25.3,55.2,0.3,1.1925264991941,,0.024101588194239,0.062764552589163,5.38,
Gaza Strip,360,1376289,40.03,3.87,,,600,4.5,,22.93,2.2,43.5954948415631,,71.79,,,,0.069555885428133,0.23250930582167,5.91,50
Georgia,69700,4677401,10.25,9.09,1456.15054172178,1439.26082027177,3100,9.5,3,18.59,5.5,32.1759883319818,18.5,75.88,0.59,6.73450918576363,,0.139072959534579,0.111664576118233,1.41,17
Germany,357021,82431390,8.33,10.55,6308.27649515555,6793.52853324444,28700,1.7,2.2,4.16,1.6,473.120737136666,17.6,78.65,1.5,35.0715910528744,65.8,0.659336206753277,0.786108301703999,1.39,10.6
Ghana,239460,21029853,23.97,10.84,291.823247647047,329.151135768757,2300,5.4,3.8,51.43,13,8.08374647221738,19.7,56,0.6,1.80695509378977,,0.014374803285596,0.038036404724275,3.02,20
Gibraltar,7,27884,10.87,9.18,3470.09037440826,3729.73748386171,27900,,,5.13,1.5,222.349734614833,,79.67,,1506.24013771338,,0.879070434657868,0.351348443551858,1.65,2
Glorioso Islands,5,,,,,,,,,,,,,,,,,,,,
Greece,131940,10668354,9.72,10.15,4444.92186892186,4426.17483446837,21300,3.7,4.1,5.53,2.9,161.074520024364,27,79.09,4.3,38.0283593888992,112,0.487900945169236,0.83763624641627,1.33,10
Greenland,2166086,56375,15.93,7.77,4042.57206208426,4345.89800443459,20000,1.8,,15.82,1.6,354.767184035477,,69.65,,65.6319290465632,,0.46119733924612,0.297064301552106,2.41,10
Grenada,344,89502,22.3,7.17,1548.5687470671,1664.76726777055,5000,2.5,0.7,14.62,2.8,167.594020245358,,64.53,,11.1729346830238,,0.374293311881299,0.084914303590981,2.37,12.5
Guadeloupe,1780,448713,15.42,6.06,2404.65509133901,2585.17136788994,7900,,,8.6,,44.5719201360335,,77.9,,28.9717480884218,,0.468005161428352,0.720950808200342,1.91,27.8
Guam,549,168564,19.03,4.41,4607.15217958758,4953.60812510382,21000,,,6.94,0,296.623241024181,,78.4,,118.649296409672,,0.499121995206568,0.193398353147766,2.6,15
Guatemala,108890,14655189,34.11,6.81,393.034849294676,450.898313218615,4200,2.6,4.1,35.93,7.2,27.2940867565748,14.9,65.14,0.8,4.16234823037765,32,0.057726993490156,0.107613760559485,4.53,7.5
Guernsey,78,65228,9.01,9.95,,,40000,3,,4.71,4.9,,,80.3,,,,0.843196173422457,0.482921444778316,1.38,0.5
Guinea,245857,9467866,42.03,15.38,83.9893593762311,90.3054605969286,2100,1,3.2,90.37,18,4.22481687003175,21,49.86,1.7,0.908335627056826,,0.002767255049871,0.011776677025214,5.83,
Guinea-Bissau,36120,1416027,37.65,16.53,36.1221925853109,38.8410672960332,700,2.6,2.6,107.17,4,13.4178232477206,,46.97,3.1,1.7655030589106,,0.007485732969781,0.000918061590634,4.93,
Guyana,214970,765283,18.45,8.32,981.858998566543,1055.81856646495,3800,1.9,7.1,33.26,4.5,163.33826832688,34.5,65.5,0.9,14.3737676127655,,0.105059174187849,0.114075446599493,2.05,
Haiti,27750,8121622,36.59,12.34,70.7617271525318,76.0931744914994,1500,-3.5,,73.45,22,9.85024912511319,,52.92,0.9,1.35440925470306,,0.016006654828309,0.017237935968948,5.02,
Heard Island and McDonald Islands,412,,,,,,,,,,,,,,,,,,,,
Holy See (Vatican City),0,921,,,,,,,,,,,,,,,,,,,
Honduras,112090,6975204,30.38,6.87,540.629349335159,519.84142686006,2800,4.2,7.7,29.32,7,24.1713360641495,24.1,65.6,1.4,4.15758449501979,74.1,0.046235206884272,0.046808666814619,3.87,28.5
Hong Kong,1092,6898686,7.23,5.98,5573.52516116837,5147.35704741454,34200,7.9,1,2.97,-0.3,465.711876145689,22.7,81.39,,37.2534711682776,2.1,0.551017976466823,1.04967815610103,0.91,6.7
Howland Island,2,,,,,,,,,,,,,,,,,,,,
Hungary,93030,10006835,9.76,13.19,3596.54176370451,3404.6729060687,14900,3.9,9.6,8.57,7,159.890714696505,22.8,72.4,1.75,14.0603897236239,58.3,0.366389572727041,0.685811248011984,1.32,5.9
Iceland,103000,296737,13.73,6.68,25921.9443480254,27873.1671480132,31900,1.8,8.8,3.31,4,657.147575125448,23.8,80.19,,54.9307973053579,35.9,0.64265662859704,0.940563529320577,1.92,3.1
India,3287590,1080264388,22.32,8.28,472.106648766061,506.357523284383,3100,6.2,7.4,56.29,4.2,17.1078489722462,23.8,64.35,2.5,1.97173953308178,59.7,0.045282433211156,0.024211110067622,2.78,9.2
Indonesia,1919440,241973879,20.71,6.25,381.652765090401,454.594522576546,3500,4.9,10.5,35.6,6.1,33.0614198237488,16.6,69.57,3,4.88895745643686,56.2,0.032028250454257,0.048352326492233,2.44,9.2
Iran,1648000,68017860,16.83,5.55,1764.24250924684,1896.56069744035,7700,6.3,3.5,41.58,15.5,63.2186899146783,31.3,69.96,3.3,20.5828292745464,27,0.214224616887388,0.049641373603933,1.82,11.2
Iraq,437072,26074906,32.5,5.49,1292.4303543031,1250.24420030507,3500,52.3,,50.25,25.4,0.958776227227818,,68.7,,14.6884518011302,,0.025886958135151,0.000767020981782,4.28,25
Ireland,70280,4015676,14.47,7.85,5423.74434590839,5697.67082802497,31900,5.1,7,5.39,2.2,313.770334060816,23.8,77.56,0.9,43.4297986192113,31.2,0.486842065943567,0.846681853814899,1.87,4.3
Israel,20770,6276883,18.21,6.18,6101.75464478149,6797.96007030878,20800,3.9,4.5,7.03,0,318.62948536718,17.6,79.32,8.7,41.4218330977334,104.5,0.478900116506871,1.00909958015786,2.44,10.7
Italy,301230,58103033,8.89,10.3,5059.97681738921,4509.23104134684,27700,1.3,0.7,5.94,2.3,318.399901774491,19.3,79.68,1.8,32.1153630654703,105.6,0.457738583113209,0.962393822023026,1.28,8.6
Jamaica,10991,2731832,16.56,5.37,2141.0540618896,2302.11813903637,4100,1.9,-2,12.36,12.4,219.632832472861,32,76.29,0.4,24.1596115720147,146.1,0.162674717918232,0.512476609103342,1.95,15
Jan Mayen,373,,,,,,,,,,,,,,,,,,,,
Japan,377835,127417244,9.47,8.95,7620.63257309191,8162.16053142697,29400,2.9,6.6,3.26,-0.1,448.918829228483,24,81.15,1,41.5171434723545,164.3,0.558393807356248,0.68011673521992,1.39,4.7
Jarvis Island,5,,,,,,,,,,,,,,,,,,,,
Jersey,116,90812,9.66,9.19,6938.51032903141,,40000,,,5.24,5.3,,,79.24,,,,0.813769105404572,0.676122098401092,1.57,0.9
Johnston Atoll,3,361,,,,,,,,,,,,,,,,,,,
Jordan,92300,5759732,21.76,2.63,1231.65452837042,1268.63541567559,4500,5.1,5,17.35,3.2,79.3439694763576,11.6,78.24,14.6,17.882776490295,85.8,0.108095307212211,0.230097511481437,2.71,15
Juan de Nova Island,4,,,,,,,,,,,,,,,,,,,,
Kazakhstan,2717300,15185844,15.78,9.46,4096.57836600982,4400.15056127272,7800,9.1,10.6,29.21,6.9,16.4627003938668,23.9,66.55,0.9,12.4721418183935,13.7,0.137094783799965,0.067628773218005,1.89,8
Kenya,582650,33829590,40.13,14.65,128.201376369031,132.280645434958,1100,2.2,2.6,61.47,9,11.8239683070353,14.7,47.99,1.3,1.68491548375254,74.3,0.009707477980076,0.04702392195708,4.96,40
Kingman Reef,1,,,,,,,,,,,,,,,,,,,,
Kiribati,811,103092,30.86,8.37,63.1474799208474,67.9005160439219,800,1.5,0.7,48.52,2.5,19.4001474411206,,61.71,,1.84301400690645,,0.043650331742521,0.00485003686028,4.2,2
Korea North,120540,22912177,16.09,7.05,1364.34001884675,1467.34201643083,1400,1,,24.04,,,,71.37,,3.70981770959608,,0.048009405653596,,2.15,
Korea South,98480,48422644,10.08,6.26,6071.53958796632,6670.43294868409,19200,4.6,10.1,7.05,3.6,603.436689661143,28.7,75.82,2.8,42.7485950581302,21.3,0.472444255625529,0.693720896364106,1.26,3.6
Kuwait,17820,2335648,21.88,2.42,12912.9046842675,13884.7977092439,21300,6.8,-5,9.95,2.3,242.759182890573,8,77.03,5.3,125.446985162148,29.6,0.208464631656825,0.607968323994026,2.97,2.2
Kyrgyzstan,198500,5146281,22.48,7.13,1983.9569584327,2277.37272799523,1700,6,6,35.64,3.2,29.535892035433,17,68.16,1.4,3.8863015836096,,0.076715593260454,0.010318130704484,2.7,18
Laos,236800,6217141,35.99,11.83,488.327351752196,572.610465163972,1900,6,9.7,85.22,12.3,2.41268454423022,,55.08,0.5,0.44232549977554,,0.009956344885857,0.008878679122767,4.77,5.7
Latvia,64589,2290237,9.04,13.7,2545.15144065876,1985.38404540665,11500,7.6,8.5,9.55,6,408.691327578762,26.1,71.05,1.2,19.2119854844717,11.8,0.285516302461274,0.532521306746856,1.26,8.8
Lebanon,10400,3826018,18.88,6.24,2245.4154685106,2108.19708637022,5000,4,,24.52,2,104.547338773628,26,72.63,3.1,27.9664131219456,177.9,0.177416833898847,0.202586605708598,1.92,18
Lesotho,30355,1867035,26.53,25.03,164.967448387416,168.181099979379,3200,3.3,15.5,84.23,5.3,11.2477805718693,39.6,36.68,2.3,0.803412897990664,,0.015318405921689,0.049275991076761,3.35,45
Liberia,111370,3482211,44.22,17.87,130.549240123588,140.370586388935,900,21.8,,128.87,15,0.287173867407805,,47.69,0.2,0.890238988964195,,0.002010217071855,0.000574347734816,6.09,85
Libya,1759540,5765563,26.82,3.48,3370.00913874326,3623.23679404769,6700,4.9,,24.6,2.9,27.7509759237736,9.9,76.5,3.9,37.4638174970944,8.8,0.130082699642689,0.017344359952359,3.34,30
Liechtenstein,160,33717,10.41,7.06,,,25000,11,,4.7,1,593.172583563188,,79.55,,,,0.590206720645372,0.338108372631017,1.51,1.3
Lithuania,65200,3596617,8.62,10.92,2827.65721231924,4985.24029664543,12500,6.6,12,6.89,1.1,193.431772134759,21.9,73.97,1.9,20.0188121226141,25.2,0.22915979099248,0.603316950345283,1.19,8
Luxembourg,2586,468571,12.06,8.41,12239.3404628114,5358.8463647985,58900,2.3,2.9,4.81,2.4,352.134468415672,19.8,78.74,0.9,108.094611062144,,0.758476303484424,1.00945214279159,1.79,4.5
Macau,25,449198,8.04,4.23,3944.80830279743,3826.82024407945,19400,15.6,,4.39,2,267.142774455808,,82.03,,24.9110637180041,,0.3886927368332,0.810333082515951,0.93,4.7
Macedonia,25333,2045262,12,8.73,3528.15433915068,3067.0887152844,7100,1.3,0,10.09,0.4,48.8934913962123,17.5,73.73,6,10.7565681071667,20,0.273803551818789,0.178607924070364,1.57,37.7
Madagascar,587040,18040341,41.66,11.35,43.3140371348856,46.5733990283221,800,5.5,3,76.83,7.5,3.90790839264069,14.7,56.95,1.2,0.720607221338,,0.003303706953211,0.015493055258767,5.66,
Malawi,118480,12158924,43.95,23.39,83.231049063223,89.4816021549275,600,4,1.4,103.32,12,2.96078830659687,10.7,36.97,0.7,0.44411824598953,228.3,0.006990750168354,0.011111180561701,5.98,
Malaysia,329750,23953136,23.07,5.06,2855.57598804599,3144.89092367697,9700,7.1,10.2,17.7,1.3,362.879415872727,21.7,72.24,2.03,19.2041660014789,45.4,0.190856011505132,0.464411006558807,3.07,3
Maldives,300,349106,35.43,7.24,331.417964744232,356.338762438915,3900,2.3,4.4,56.52,1,42.9668925770396,,64.06,5.5,9.16627041643512,,0.082209987797403,0.120020853265197,5.02,
Mali,1240000,12291529,46.77,19.05,52.9633050534234,56.9497903800251,900,4,,116.79,4.5,2.0339210850009,,45.09,0.4,0.325427373600144,,0.004604797336442,0.020339210850009,6.5,5.3
Malta,316,398534,10.17,8,5018.39240817597,5394.77183878916,18200,1,,3.89,2.9,301.103544490558,26.4,78.86,0.7,50.1839240817596,,0.522665569311527,0.727666899185515,1.5,7
Man Isle of,572,75049,11.18,11.26,,,28500,,3.2,5.93,3.6,,,78.34,,,,0.679556023398047,,1.65,0.6
Marshall Islands,181,59071,33.52,4.88,,,1600,1,,29.45,2,23.7002928679047,,70.01,,,,0.076179512789694,0.010157268371959,3.93,30.9
Martinique,1100,432900,14.14,6.44,2529.45252945253,2721.18272118272,14400,,,7.09,3.9,92.4000924000924,,79.04,,31.1850311850312,,0.397320397320397,0.738969738969739,1.79,27.2
Mauritania,1030700,3086859,41.43,12.44,57.3074442337664,61.6160310529247,1800,3,2,70.89,7,3.23953896177312,,52.73,1.7,7.77489350825548,,0.010204547729585,0.097186168853194,5.94,20
Mauritius,2040,1230602,15.62,6.83,1387.12597574195,1491.9527190757,12800,4.7,8,15.03,4.5,121.891562015989,22.5,72.38,0.2,17.0648186822385,29.2,0.282950945959782,0.375751055174622,1.96,10.8
Mayotte,374,193633,41.58,7.9,,,2600,,,62.4,,,,61.39,,,,0.051644089592167,0.112067674415002,5.89,38
Mexico,1972550,106202903,21.01,4.73,1789.02830932974,1920.85144791193,9600,4.1,3.8,20.91,5.4,94.4701106710803,19.4,75.19,0.9,16.4967241997142,23.5,0.150266137263687,0.264823269473152,2.45,3.2
Micronesia Federated States of,702,108105,25.11,4.87,1652.09749780306,1776.05106146802,2000,1,,30.21,1,55.5015956708755,,69.75,,,,0.093427686045974,0.016650478701263,3.25,16
Midway Islands,6,,,,,,,,,,,,,,,,,,,,
Moldova,33843,4455421,15.27,12.79,1033.57236050196,869.951459132594,1900,6.8,17,40.42,11.5,33.6668521336143,17.1,65.18,0.4,5.38669634137829,63.4,0.15866065182168,0.075907529277256,1.81,8
Monaco,2,32409,9.26,12.71,,,27000,0.9,,5.43,1.9,493.690024375945,,79.57,,,,1.03983461384183,0.595513591903484,1.76,22
Mongolia,1564116,2791272,21.52,7.03,791.395464146812,964.43485264066,1900,10.6,4.1,53.79,11,78.817112771525,,64.52,2.2,3.94085563857625,,0.050980341579036,0.144880183658203,2.26,6.7
Montserrat,102,9341,17.56,7.17,179.209934696499,192.698854512365,3400,-1,,7.35,2.6,,,78.71,,42.8219676694144,,,0.007493844342148,1.78,6
Morocco,446550,32725847,22.29,5.64,435.130067069005,425.046294447322,4200,4.4,,41.62,2.1,24.4455093858992,22.4,70.66,5,5.10300008430645,70.2,0.03725495630411,0.224067539031152,2.73,12.1
Mozambique,801590,19406703,35.79,20.99,260.013254183361,456.491759573999,1200,8.2,3.4,130.79,12.8,2.57642939143243,47,40.32,2.2,0.437992996543514,,0.004312942801258,0.022100611319708,4.7,21
Namibia,825418,2030692,25.16,18.36,945.490502744877,574.680946199621,7300,4.8,,48.98,4.2,32.0087930616755,19.6,43.93,3.1,6.40175861233511,38.5,0.062737234400884,0.110159492429182,3.18,35
Nauru,21,13048,25.14,6.82,2138.25873697118,2299.20294297977,5000,,,9.95,-3.6,22.9920294297977,,62.73,,76.6400980993256,,0.145616186388719,0.114960147148988,3.19,90
Navassa Island,5,,,,,,,,,,,,,,,,,,,,
Nepal,140800,27676547,31.45,9.47,72.444008278923,74.2144603515749,1500,3,8.7,66.98,2.9,2.8905339961665,,59.8,1.5,0.5781067992333,,0.013433756747184,0.001821036417585,4.19,47
Netherlands,41526,16407491,11.14,8.68,6155.72484543798,5522.47750737758,29500,1.2,0.8,5.04,1.4,518.056051348741,19.9,78.81,1.6,54.5665391497091,55.8,0.609721498552094,0.761847134336383,1.66,6
Netherlands Antilles,960,219958,15,6.41,4247.62909282681,4569.05409214486,11400,0.5,,10.03,2.1,9.09264495949227,,75.83,,327.335218541722,,0.368252120859437,0.368252120859437,2,15.6
New Caledonia,19060,216494,18.49,5.65,6794.64557909226,7302.74280118618,15000,,-0.6,7.72,-0.6,277.143939323954,,74.04,,40.4168244847432,,0.24019141408076,0.369525252431938,2.31,19
New Zealand,268680,4035461,13.9,7.53,8849.05095105615,9513.16342792063,23200,4.8,5.9,5.85,2.4,522.864673949271,22.4,78.66,1,32.883479731312,22.1,0.43737258271112,0.644040420660737,1.79,4.2
Nicaragua,129494,5465100,24.88,4.49,424.145944264515,467.146072350003,2300,4,4.4,29.11,9.3,16.4681341603996,28,70.33,0.7,4.71537574792776,69.5,0.031399242465829,0.037108195641434,2.81,7.8
Niger,1267000,11665937,48.3,21.33,28.0817563132734,22.8185699957063,900,3.5,,121.69,3,1.28579470298871,,42.13,1.1,0.42859823432957,,0.001920120089796,0.002057271524782,6.75,
Nigeria,923768,128771988,40.65,17.18,143.121188747975,154.148431722589,1000,6.2,1.8,98.8,16.5,5.82424804997186,18,46.74,0.8,2.13555761832302,20,0.006624888015241,0.024457958977849,5.53,
Niue,260,2166,,,1288.08864265928,1385.04155124654,3600,-0.3,,,1,,,,,9.23361034164358,,0.507848568790397,0.184672206832872,,
Norfolk Island,35,1828,,,,,,,,,,382.932166301969,,,,,,1.38512035010941,,,0
Northern Mariana Islands,477,80362,19.51,2.3,,,12500,,,7.11,1.2,,,75.88,,,,0.261317538139917,0.037331076877131,1.27,
Norway,324220,4593041,11.67,9.45,23296.1125319804,27432.805411491,40000,3.3,5.2,3.7,1,498.144910964217,17.5,79.4,1.9,37.2520079833818,33.1,0.727840226115987,0.906458270239695,1.78,4.3
Oman,212460,3001583,36.73,3.86,3262.27860432312,3296.92698819256,13100,1.2,-1.2,19.51,0.2,59.9683566971162,13.5,73.13,11.4,17.9905070091348,10.3,0.07792554795253,0.154884939047163,5.84,15
Pakistan,803940,162419946,30.42,8.45,324.221262824456,463.428303319347,2200,6.1,13.1,72.44,4.8,9.23531891828113,16.4,63,4.9,2.24726093678174,71.4,0.02452161879182,0.016160576731136,4.14,8.3
Palau,458,20303,18.37,6.85,,,9000,1,,14.84,3.4,,,70.14,,,,0.330000492538049,0.049253804856425,2.46,2.3
Palmyra Atoll,12,,,,,,,,,,,,,,,,,,,,
Panama,78200,3039150,19.96,6.54,1471.79310004442,1603.40884786865,6900,6,5.4,20.47,2,39.4847243472681,25,71.94,1.1,13.3326752545942,69.2,0.127305332082984,0.274418834213514,2.45,12.6
Papua New Guinea,462840,5545268,29.95,7.37,281.501272796914,302.780677146713,2200,0.9,,51.45,4.2,13.525045137584,13.6,64.93,1.4,2.70500902751679,59.3,0.011180703980403,0.002705009027517,3.96,
Paraguay,406750,6347884,29.43,4.53,388.948506305408,7618.2866605628,4800,2.8,0,25.63,5.1,18.9039371229846,18.1,74.89,0.9,3.93832023395513,39.2,0.043037963516662,0.27888033240683,3.93,15.1
Peru,1285220,27925628,20.87,6.26,724.066080089587,819.319085680007,5600,4.5,5.2,31.94,3.8,102.056791704022,17.8,69.53,1.4,5.76531349626229,44.1,0.065860649579662,0.104162384459179,2.56,9.6
Philippines,300000,87857473,25.31,5.47,524.144371873751,601.656275727393,5000,5.9,5,23.51,5.5,39.8372486766151,17,69.91,1,3.84714001505598,74.2,0.037684899040973,0.173018862038065,3.16,11.7
Pitcairn Islands,47,46,,,,,,,,,,,,,,,,0.021739130434783,,,
Poland,312685,38635144,10.78,10.01,3028.33088961698,3468.34477956132,12000,5.6,10,8.51,3.4,232.172034870635,18.4,74.41,1.71,10.9770523956116,49.9,0.318362990959733,0.450393041113034,1.39,19.5
Portugal,92391,10566212,10.82,10.43,3989.13063640972,4096.07530115807,17900,1.1,1.1,5.05,2.1,340.708666454923,22.3,77.53,2.3,32.1591124614952,61.5,0.404951178340923,0.884082204672782,1.47,6.5
Puerto Rico,9104,3916632,13.93,7.86,5244.30173679835,5640.04992044185,17700,2.7,,8.24,6.5,153.192845281354,,77.62,,48.5110676724288,,0.3394498130026,0.30922256673591,1.91,12
Qatar,11437,863051,15.54,4.61,10481.4199856092,11270.4811187288,23200,8.7,10,18.61,3,145.993689828295,22.9,73.67,10,34.7604023400703,,0.213776474391432,0.436243049367882,2.87,2.7
Reunion,2517,776948,19.26,5.48,1395.2027677528,1500.74393653115,6000,2.5,,7.78,,193.063113618929,,73.95,,23.1675736342715,,0.386126227237859,0.630415420337011,2.47,36
Romania,237500,22329977,10.7,11.74,2575.01384797665,2531.57448393252,7700,8.1,4,26.43,9.6,179.131398120115,23.3,71.35,2.47,11.3658872107213,23.6,0.192566252979123,0.309001661757197,1.36,6.3
Russia,17075200,143420309,9.8,14.52,6233.42681544495,6379.84959298895,9800,6.7,6.4,15.39,11.5,41.8350792982882,19.1,67.1,,16.106505529841,28.2,0.247524219181539,0.122777590724616,1.27,8.3
Rwanda,26338,8440820,40.6,16.32,23.1020208937046,19.749266066567,1300,0.9,7,91.23,7,2.96179755047495,20,46.96,3.2,0.62790108070069,,0.002748548126841,0.015875234870546,5.49,
Saint Helena,410,7460,12.33,6.43,623.324396782842,670.241286863271,2500,,,19,3.2,67.0241286863271,,77.76,,26.8096514745308,,0.294906166219839,,1.54,14
Saint Kitts and Nevis,261,38958,18.12,8.47,2526.82375891986,2715.74516145593,8800,-1.9,,14.49,1.7,256.686688228348,,72.15,,18.2247548642127,,0.603213717336619,0.128343344114174,2.33,4.5
Saint Lucia,616,166312,20.05,5.12,1511.01544085815,1625.25855019481,5400,3.3,-8.9,13.53,3,78.1663379671942,,73.61,,14.4307085477897,,0.307253836163356,0.085982971763914,2.21,20
Saint Pierre and Miquelon,242,7012,13.83,6.7,5713.06332002282,6143.7535653166,7000,,,7.54,2.1,,,78.46,,85.5675984027382,,0.684540787221905,,2.03,9.8
Saint Vincent and the Grenadines,389,117534,16.34,6,721.663518641414,775.945683802134,2900,0.7,-0.9,14.78,-0.4,59.5572345023568,,73.62,,10.6352204468494,,0.232273214559191,0.085081763574795,1.85,15
Samoa,2944,177287,15.95,6.54,640.204865556978,688.149723329968,5600,5,2.8,27.71,4,22.5622860108186,,70.72,,5.64057150270465,,0.066558743731915,0.015229543057303,3.01,
San Marino,61,28880,10.18,8.07,,,34600,7.5,6,5.73,3.3,495.152354570637,,81.62,,,,0.713296398891967,0.581717451523546,1.33,2.6
Sao Tome and Principe,1001,187410,40.8,6.68,84.3604930366576,90.7102075662985,1200,6,,43.11,14,80.0384184408516,31.5,66.99,0.8,3.73512619390641,,0.037351261939064,0.025612293901073,5.71,
Saudi Arabia,1960582,26417599,29.56,2.62,4883.10841571938,5223.79039821143,12000,5,2.8,13.24,0.8,56.7803304153417,17.2,75.46,10,58.6730080958531,75,0.132585856875184,0.273991591741551,4.05,25
Senegal,196190,11126832,35.21,10.6,145.144637754933,156.109124322179,1700,3.2,4.7,55.51,0.8,20.221389160904,20.1,56.75,1.5,2.786058062169,55.2,0.020562905955622,0.051757768967843,4.75,48
Serbia and Montenegro,102350,10829175,12.12,10.49,2985.45364720766,2921.73688208012,2400,6.5,1.7,12.89,8.8,78.2146377724988,14.4,74.73,,5.90996082342376,80,0.241172573164622,0.33563036888775,1.67,30
Seychelles,455,81188,16.22,6.34,2497.90609449672,2685.12588067202,7800,1.5,,15.53,5,144.109966990196,39.5,71.82,1.8,49.2683647829729,122.8,0.267280878947628,0.671281470168005,1.75,
Sierra Leone,71740,6017643,42.84,20.61,39.4506619950702,42.4252485566193,600,6,,143.64,1,1.32942416158619,,42.52,1.7,1.08015713128878,,0.003988272484759,0.011133927353284,5.72,
Singapore,693,4425720,9.49,4.16,7230.46193613695,7982.8818813662,27800,8.1,11.1,2.29,1.7,521.948971014886,27.4,81.62,4.9,158.166354852996,102.5,0.428427464909664,0.795757526458972,1.05,3.4
Slovakia,48845,5431363,10.62,9.43,5319.10682456687,5735.20863915743,14500,5.3,5.1,7.41,7.5,253.306582528179,24,74.5,1.89,15.0974994674449,46.6,0.238374787323182,0.677325378546785,1.32,13.1
Slovenia,20273,2011070,8.95,10.22,5867.52325876275,6210.62419508023,19600,3.9,3.9,4.45,3.3,372.93580034509,24.9,76.14,1.7,26.5033042111911,31.5,0.403914334160422,0.864763533840195,1.24,6.4
Solomon Islands,28450,538032,30.74,3.98,55.3126951556785,59.4760162964285,1700,5.8,,21.29,10,4.08897612037946,,72.66,,2.32328188657924,,0.012266928361138,0.001858625509263,4.04,
Somalia,637657,8591629,45.62,16.97,26.0136930959193,27.9690847917199,600,2.8,,116.7,,10.3589202932296,,48.09,0.9,0.465569451381106,,0.011639236284528,0.004073732699585,6.84,
South Africa,1219912,44344136,18.48,21.32,4262.11934764046,4577.83189191013,11100,3.5,5.5,61.81,4.5,69.9077776597113,16.7,43.27,1.5,10.3734121688604,45.9,0.109236540317304,0.380208106884752,2.24,26.2
South Georgia and the South Sandwich Islands,3903,,,,,,,,,,,,,,,,,,,,
Spain,504782,40341462,10.1,9.63,5403.8695969918,5676.54191610606,23300,2.6,3,4.42,3.2,242.653575619049,25.4,79.52,1.2,37.1082237921868,53.2,0.435470087821805,0.92973080648391,1.28,10.4
Spratly Islands,5,,,,,,,,,,,,,,,,,,,,
Sri Lanka,65610,20064776,15.63,6.49,310.394693666154,333.768988998432,4000,5.2,7.1,14.35,5.8,9.96771655960675,22.4,73.17,2.6,3.73789370985253,104.3,0.043927726878187,0.046429623734648,1.85,7.8
Sudan,2505810,40187486,35.17,9.16,59.7200830129061,64.2239726067961,1900,6.4,8.5,62.5,9,7.46501037661326,16,58.54,3,1.74183575454309,79.7,0.02239503112984,0.016174189149329,4.85,18.7
Suriname,163270,438144,18.39,7.16,4210.94434706398,4528.19164475606,4300,4.2,6.5,23.57,23,45.6470931931055,,68.96,0.7,31.9529652351738,,0.182131901840491,0.383663818288051,2.34,17
Svalbard,62049,2701,,,,,,,,,,,,,,,,,,,
Swaziland,17363,1173900,27.72,25.26,999.23332481472,342.448249424994,5100,2.5,3.7,69.27,5.4,23.0002555583951,23.6,35.65,1.4,2.98151460942159,,0.039355992844365,0.074963795894029,3.7,34
Sweden,449964,9001774,10.36,10.36,15330.3115585883,15885.7576295517,28400,3.6,5.5,2.77,0.7,569.332222737429,15.8,80.4,1.7,36.5039157837111,51.6,0.730878158016409,0.883048163617527,1.66,5.6
Switzerland,41290,7489370,9.77,8.48,7280.98625118001,8474.67811044187,33800,1.8,4.7,4.39,0.9,341.28371278225,20.4,80.39,1,38.7749570391101,57.2,0.723558857420584,0.824101359660425,1.42,3.4
Syria,185180,18448752,28.29,4.88,1318.24635075587,1417.44005231357,3400,2.3,7,29.53,2.1,11.9249258703245,16.3,70.03,5.9,13.009010040354,32,0.113790894907146,0.02168168340059,3.5,20
Taiwan,35980,22894384,12.64,6.38,6420.78860911916,6944.93461802685,25300,6,12.2,6.4,1.7,602.76791024384,18,77.26,2.6,43.1546880667329,32.4,0.58333082908018,1.09588447542419,1.57,4.5
Tajikistan,143100,7163506,32.58,8.39,2011.58483010973,2105.11445094064,1100,10.5,8.2,110.76,8,0.572345440905612,22,64.56,3.9,2.79192898002738,,0.033796300303231,0.006644790972465,4.05,40
Tanzania,945087,36766356,38.16,16.71,69.7920675086756,74.1710709649877,700,5.8,8.4,98.54,5.4,6.799694807938,16.2,45.24,0.2,0.462379246939784,5,0.004055337983454,0.024239552051337,5.06,
Thailand,514000,65444371,15.7,7.02,1619.69621497317,1818.33820360196,8100,6.1,8.5,20.48,2.8,106.525586440429,22.5,71.57,1.8,11.9949200825843,47.6,0.10111488427324,0.404924053743293,1.88,1.5
Togo,56785,5681519,33.48,11.8,79.4153816963386,19.1498083523086,1600,3,,66.61,1,36.9619462682427,19.1,52.64,1.9,1.76009267944013,,0.010666161637407,0.038722038947683,4.61,
Tokelau,10,1405,,,,,1000,,,,,,,,,,,0.213523131672598,,,
Tonga,748,112422,25.18,5.35,205.119994307164,220.508441408265,2300,1.5,8.6,12.62,10.3,25.7956627706321,,69.53,,8.89505612780417,,0.099624628631407,0.080055505150238,3,13.3
Trinidad and Tobago,5128,1088644,12.81,9.37,4906.10337263605,5275.37009343734,10500,5.7,7.2,24.31,3.3,126.76320266313,19.4,68.91,0.6,22.0457743761964,54.4,0.298628385404228,0.332431906114396,1.75,10.4
Tromelin Island,1,,,,,,,,,,,,,,,,,,,,
Tunisia,163610,10074951,15.5,5.09,997.523461900708,1064.02502602742,7100,5.1,4.4,24.77,4.1,62.5313214922832,24.5,74.89,1.5,8.63527772988673,59.2,0.115514209448761,0.188576599528871,1.75,13.8
Turkey,780580,69660559,16.83,5.96,1693.92841076684,2009.74557209626,7400,8.2,16.5,41.04,9.3,78.9542903323529,17.3,72.36,5.3,8.89312415652593,74.3,0.271555386169095,0.400334140298817,1.94,9.3
Turkmenistan,488100,4952081,27.68,8.78,1798.83972010959,2304.08185972725,5700,7.5,22,73.08,9,1.61548246080789,29,61.39,3.4,12.7219243788621,,0.075523805042769,0.010500635995251,3.41,60
Turks and Caicos Islands,430,20556,22.23,4.28,226.211325160537,243.237984043588,11500,4.9,,15.67,4,,,74.51,,,,0.277291301809691,0.08270091457482,3.08,10
Tuvalu,26,11636,21.91,7.22,,,1100,3,,20.03,5,111.722241320041,,68.01,,,,0.060158129941561,,3,
Uganda,236040,27269482,47.39,12.8,51.376113414989,65.0910787377626,1500,5,5.6,67.83,3.5,4.58387878434948,22.4,51.59,2.2,0.320871514904463,73.9,0.002236932846763,0.028464053699297,6.74,
Ukraine,603700,47425336,10.49,16.42,2783.32239965575,3795.4396358942,6300,12,16.5,20.34,12,80.1259478688775,18.8,66.85,1.4,6.38899005375523,24.7,0.228428534486292,0.088560258170865,1.4,3.5
United Arab Emirates,82880,2563212,18.78,4.26,14243.8471730001,17602.9138440363,25200,5.7,4,14.51,3.2,433.128434167755,20.8,75.24,3.1,120.942005577377,17.6,0.443115903015435,1.15959975218593,2.94,2.4
United Kingdom,244820,60441457,10.78,10.18,5575.64322117516,6551.79440826518,29600,3.2,0.9,5.16,1.4,413.623384360175,16.2,78.38,2.4,27.9940306534967,39.6,0.577385154696056,0.821902754594417,1.66,4.8
United States,9631418,295734134,14.14,8.25,12375.980920755,12984.6357201364,40100,4.4,4.4,6.5,2.5,537.645072786897,15.7,77.71,3.3,66.4448155991354,65,0.614064726123228,0.536705039263408,2.08,5.5
Uruguay,176220,3415920,14.09,9.06,1720.76629429261,2498.8875617696,14500,10.2,22,11.95,7.6,117.098761095108,9.6,76.13,2,12.1489964636174,,0.277084943441298,0.190870980585025,1.91,13
Uzbekistan,447400,26851195,26.22,7.95,1737.72526697601,1776.45724892319,1800,4.4,6.2,71.1,3,18.3232068442391,,64.19,2,5.28840522740236,41.5,0.063948736732201,0.011947326739089,2.94,0.6
Vanuatu,12200,205754,23.06,7.9,218.853582433391,235.329568319449,2900,1.1,1,55.16,3.1,36.4512962080932,,62.49,,2.91610369664745,,0.031591123380347,0.037909348056417,2.77,
Venezuela,912050,25375281,18.91,4.9,3519.17285172133,3534.93622395748,5800,16.8,12.3,22.2,22.4,50.2221039443859,12.9,74.31,1.5,19.7042152951922,43.1,0.111990878051754,0.254720331964009,2.26,17.1
Vietnam,329560,83535576,17.07,6.2,383.788578892423,412.758271996592,2700,7.7,16,25.95,9.5,41.8983164729719,36.6,70.61,2.5,2.21462529928566,65.9,0.052696111175435,0.032824338219683,1.94,1.9
Virgin Islands,352,108708,14.2,6.26,8854.91408176031,9520.91842366707,17200,2,,8.03,2.2,275.968649961364,,78.91,,607.131029915002,,0.638407476910623,0.377157154947198,2.19,9.3
Wake Island,7,,,,,,,,,,,,,,,,,,,,
Wallis and Futuna,274,16025,,,,,3800,,,,,56.1622464898596,,,,,,0.118564742589704,,,
West Bank,5860,2385615,32.37,3.99,,,800,6,,19.62,2.2,60.7809726213157,,73.08,,,,0.126424423052337,0.201205978332631,4.4,27.2
Western Sahara,266000,273008,,,306.584422434507,329.660669284417,,,,,,,,,,6.59321338568833,,,,,
Yemen,527970,20727063,43.07,8.53,136.391730946155,146.668150716771,800,1.9,3,61.5,12.2,4.8246102209464,16.1,61.75,7.8,3.76319597233819,46.4,0.026159036617971,0.019833972618311,6.67,35
Zambia,752614,11261795,41.38,20.23,474.613505218307,725.195228646943,900,4.6,6.9,88.29,18.3,6.05587297584444,41.4,39.7,1.8,0.976753705781361,127.5,0.007849547962825,0.021399785735755,5.47,50
Zimbabwe,390580,12746990,29.74,24.66,880.207798076252,693.418603136897,1900,-8.2,-7.8,67.69,133,39.2249464383356,9.9,36.67,4.3,1.80434753616344,52.3,0.02360557276659,0.029740354389546,3.54,70
